time,position,velocity,effort
0.0,-6.496502919617342e-06,-0.0001221266866195947,0.0
0.01,-7.398849902529037e-06,-5.67897004657425e-05,219.57421875
0.02,0.0011930023320019245,0.10253884643316269,157167.78125
0.03,0.0032443932723253965,0.1759326457977295,193566.125
0.04,0.0059142461977899075,0.2300402969121933,246401.453125
0.05,0.009049472399055958,0.2713373303413391,309246.0
0.06,0.012549716047942638,0.3043873906135559,377920.59375
0.07,0.016354775056242943,0.3327178955078125,449366.8125
0.08,0.020435459911823273,0.3591225743293762,520960.46875
0.09,0.02478903718292713,0.38594940304756165,590345.5625
0.1,0.029429059475660324,0.4147113859653473,655215.125
0.11,0.03438355773687363,0.4466613531112671,713852.625
0.12,0.039690107107162476,0.4826217293739319,764585.25
0.13,0.04539031162858009,0.5229239463806152,806026.625
0.14,0.051528505980968475,0.5677716135978699,837221.3125
0.15,0.05814807116985321,0.6170517802238464,857300.875
0.16,0.06528107076883316,0.6691557765007019,865727.25
0.17,0.07296043634414673,0.7243848443031311,863628.25
0.18,0.08121663331985474,0.782535195350647,850208.625
0.19,0.09006424993276596,0.841895580291748,825215.3125
0.2,0.09950485825538635,0.9011259078979492,790140.6875
0.21,0.10952472686767578,0.9586683511734009,746301.1875
0.22,0.11981583386659622,0.9556369185447693,695460.625
0.23,0.13043680787086487,0.9886513948440552,701125.4375
0.24,0.14134082198143005,1.0235984325408936,665796.625
0.25,0.15265657007694244,1.0683852434158325,624289.0625
0.26,0.16438889503479004,1.1109718084335327,566766.0
0.27,0.17616571485996246,0.9829603433609009,505194.625
0.28,0.1852942258119583,0.6984806060791016,613553.6875
0.29,0.19330710172653198,0.6611913442611694,918106.25
0.3,0.20032407343387604,0.5807178616523743,992202.25
0.31,0.2068239450454712,0.5413562655448914,1124421.125
0.32,0.21305109560489655,0.5209847092628479,1223284.75
0.33,0.21917569637298584,0.5148476958274841,1307248.875
0.34,0.22531995177268982,0.5191447734832764,1378517.0
0.35000000000000003,0.23157966136932373,0.5321288108825684,1439056.0
0.36,0.23887239396572113,0.803333580493927,1489176.25
0.37,0.24540585279464722,0.3583483397960663,1265580.5
0.38,0.25115835666656494,0.48045799136161804,1769563.875
0.39,0.25750941038131714,0.5303339958190918,1718166.5
0.4,0.26323118805885315,0.44568005204200745,1730024.75
0.41000000000000003,0.26794999837875366,0.003718051128089428,1885852.0
0.42,0.26794999837875366,0.001175172976218164,2414032.0
0.43,0.26794999837875366,0.0010972964810207486,2573574.75
0.44,0.26794999837875366,0.0009334327187389135,2730652.5
0.45,0.26794999837875366,0.00087542156688869,2887816.25
0.46,0.26794999837875366,0.0007626021979376674,3044874.25
0.47000000000000003,0.26794999837875366,0.000685958017129451,3201987.75
0.48,0.26794999837875366,0.0006420149002224207,3359064.25
0.49,0.26794999837875366,0.0006038673454895616,3516107.75
0.5,0.26794999837875366,0.0005956558743491769,3673146.5
0.51,0.26794999837875366,0.0006013938691467047,3830154.0
0.52,0.26794999837875366,0.0007185774156823754,3987148.5
0.53,0.26794999837875366,0.0006182830547913909,4144031.25
0.54,0.26794999837875366,-0.00021861516870558262,4301131.5
0.55,0.26794999837875366,0.00013150001177564263,4458968.0
0.56,0.26794999837875366,0.00029100486426614225,4615618.5
0.5700000000000001,0.26794999837875366,-0.07110355794429779,4772459.5
0.58,0.26794999837875366,-0.006249978672713041,5000853.5
0.59,0.2678939998149872,-0.024523384869098663,5093000.5
0.6,0.267911821603775,0.0070921797305345535,5269113.5
0.61,0.26794999837875366,-0.008242099545896053,5394231.0
0.62,0.26794999837875366,-0.011282073333859444,5565992.0
0.63,0.26788392663002014,0.009098468348383904,5726032.5
0.64,0.26794999837875366,0.0013255238300189376,5863642.5
0.65,0.26794999837875366,0.0011264504864811897,6027424.5
0.66,0.26794999837875366,0.0006399577250704169,6184623.5
0.67,0.26794999837875366,0.0011604202445596457,6342110.0
0.68,0.26794999837875366,0.001229015295393765,6498589.0
0.6900000000000001,0.26794999837875366,0.0012612626887857914,6655521.0
0.7000000000000001,0.26794999837875366,0.0010416520526632667,6812488.0
0.71,0.26794999837875366,-0.007602181285619736,6969708.5
0.72,0.26794999837875366,0.0025248778983950615,7135351.5
0.73,0.26794999837875366,0.011580163612961769,7282225.0
0.74,0.26794999837875366,0.012952391058206558,7430170.5
0.75,0.26794999837875366,0.006845567375421524,7585797.5
0.76,0.26794999837875366,0.0059634018689394,7748905.0
0.77,0.26794999837875366,0.0012644985690712929,7906786.5
0.78,0.26794999837875366,-0.0007006628438830376,8068486.0
0.79,0.26794999837875366,-0.024801451712846756,8227450.5
0.8,0.26794999837875366,0.001900872215628624,8408552.0
0.81,0.26794999837875366,0.004128893371671438,8538849.0
0.8200000000000001,0.26794999837875366,0.002540147863328457,8693621.0
0.8300000000000001,0.26794999837875366,-0.008911008015275002,8852210.0
0.84,0.26794999837875366,-0.0033590858802199364,9020661.0
0.85,0.26794999837875366,-0.004811103455722332,9172109.0
0.86,0.26794999837875366,-0.004337602760642767,9330561.0
0.87,0.26794999837875366,-0.003941175527870655,9487088.0
0.88,0.26794999837875366,0.007447071373462677,9643691.0
0.89,0.26794999837875366,-0.003681439906358719,9789303.0
0.9,0.26794999837875366,-0.0028364926110953093,9957431.0
0.91,0.26794999837875366,-0.02987302839756012,10113586.0
0.92,0.26794999837875366,0.012337561696767807,10297623.0
0.93,0.26794999837875366,-0.005472173914313316,10412412.0
0.9400000000000001,0.26794999837875366,-0.0077532436698675156,10587222.0
0.9500000000000001,0.26794999837875366,-0.013245503418147564,10746503.0
0.96,0.26794999837875366,0.0023149745538830757,10908996.0
0.97,0.26794999837875366,0.027989163994789124,11050434.0
0.98,0.26794999837875366,0.016512690111994743,11181761.0
0.99,0.26794999837875366,-0.006128503009676933,11350237.0
1.0,0.26794999837875366,0.004466215614229441,11529880.0
1.01,0.26794999837875366,-0.012602739967405796,11676283.0
1.02,0.26794999837875366,0.022183921188116074,11850353.0
1.03,0.26794999837875366,-0.006679639220237732,11972566.0
1.04,0.26794999837875366,0.010650862008333206,12158431.0
1.05,0.26794999837875366,-0.0033891182392835617,12298098.0
1.06,0.26794999837875366,0.009468503296375275,12469139.0
1.07,0.26794999837875366,0.003550937632098794,12613281.0
1.08,0.26794999837875366,0.022733643651008606,12776200.0
1.09,0.26794999837875366,0.009573759511113167,12914015.0
1.1,0.26794999837875366,0.016082512214779854,13084176.0
1.11,0.26794999837875366,0.006527516059577465,13234667.0
1.12,0.26794999837875366,-0.0018052104860544205,13401222.0
1.1300000000000001,0.26794999837875366,0.0027873124927282333,13566556.0
1.1400000000000001,0.26794999837875366,0.016874559223651886,13718962.0
1.1500000000000001,0.26794999837875366,0.0024337286595255136,13861875.0
1.16,0.26794999837875366,0.017960036173462868,14033316.0
1.17,0.26794999837875366,-0.004300689324736595,14174791.0
1.18,0.26794999837875366,0.03414874151349068,14354050.0
1.19,0.26794999837875366,0.012272370979189873,14472601.0
1.2,0.26794999837875366,0.031730446964502335,14651478.0
1.21,0.26794999837875366,0.009263463318347931,14789021.0
1.22,0.26794999837875366,0.01464078389108181,14968486.0
1.23,0.26794999837875366,0.018288813531398773,15120110.0
1.24,0.26794999837875366,0.00023502903059124947,15273460.0
1.25,0.26794999837875366,0.0025069862604141235,15448516.0
1.26,0.26794999837875366,0.018258364871144295,15603243.0
1.27,0.26794999837875366,0.006501303985714912,15744491.0
1.28,0.26794999837875366,0.02974640764296055,15913250.0
1.29,0.26794999837875366,0.0213715098798275,16047004.0
1.3,0.26794999837875366,0.018144425004720688,16212380.0
1.31,0.26794999837875366,-0.01764877513051033,16372606.0
1.32,0.26794999837875366,-0.0012912405654788017,16565398.0
1.33,0.26794999837875366,0.0037061283364892006,16706042.0
1.34,0.26794999837875366,0.024536671116948128,16858044.0
1.35,0.26794999837875366,-0.02323221042752266,16994212.0
1.36,0.26794999837875366,-0.012080271728336811,17198982.0
1.37,0.26794999837875366,0.02026309072971344,17344830.0
1.3800000000000001,0.26794999837875366,0.024220285937190056,17469488.0
1.3900000000000001,0.26794999837875366,0.005238266661763191,17622530.0
1.4000000000000001,0.26794999837875366,0.027179516851902008,17798510.0
1.41,0.26794999837875366,0.000353504903614521,17933572.0
1.42,0.26794999837875366,-0.028185177594423294,18117396.0
1.43,0.26794999837875366,-0.01364791952073574,18302934.0
1.44,0.26794999837875366,-0.02521425485610962,18445398.0
1.45,0.26794999837875366,0.000827595591545105,18613964.0
1.46,0.26794999837875366,0.0027112532407045364,18744924.0
1.47,0.26794999837875366,0.016375117003917694,18900038.0
1.48,0.26794999837875366,-0.021747156977653503,19043372.0
1.49,0.26794999837875366,0.027856752276420593,19238498.0
1.5,0.26794999837875366,-0.01788075640797615,19345894.0
1.51,0.26794999837875366,0.02589726820588112,19548632.0
1.52,0.26794999837875366,0.016571596264839172,19504854.0
1.53,0.26794999837875366,-0.023326802998781204,19514180.0
1.54,0.26794999837875366,0.0155020235106349,19554078.0
1.55,0.26794999837875366,0.01562053244560957,19515250.0
1.56,0.26794999837875366,0.012019958347082138,19515132.0
1.57,0.26794999837875366,0.005866447929292917,19518732.0
1.58,0.26794999837875366,-0.01637975312769413,19524886.0
1.59,0.26794999837875366,-0.0008126588072627783,19547132.0
1.6,0.26794999837875366,-0.01644819602370262,19531564.0
1.61,0.26794999837875366,0.01587134413421154,19547200.0
1.62,0.26794999837875366,0.0025248900055885315,19514880.0
1.6300000000000001,0.26794999837875366,0.012804241850972176,19528228.0
1.6400000000000001,0.26794999837875366,0.03484353795647621,19517948.0
1.6500000000000001,0.26794999837875366,0.004740289878100157,19495908.0
1.6600000000000001,0.26794999837875366,-0.0044121891260147095,19526012.0
1.67,0.26794999837875366,-0.01224345713853836,19535164.0
1.68,0.26794999837875366,0.016517795622348785,19542996.0
1.69,0.26794999837875366,-0.008800722658634186,19514234.0
1.7,0.26794999837875366,-0.017177872359752655,19539552.0
1.71,0.26794999837875366,-0.0007857838645577431,19547930.0
1.72,0.26794999837875366,0.01778152398765087,19531538.0
1.73,0.26794999837875366,0.008381967432796955,19512970.0
1.74,0.26794999837875366,-0.0174344964325428,19522370.0
1.75,0.26794999837875366,-0.006190831772983074,19548186.0
1.76,0.26794999837875366,0.009575467556715012,19536942.0
1.77,0.26794999837875366,0.0064156074076890945,19521176.0
1.78,0.26794999837875366,0.01212877593934536,19524336.0
1.79,0.26794999837875366,0.0028148703277111053,19518624.0
1.8,0.26794999837875366,0.003327722894027829,19527938.0
1.81,0.26794999837875366,0.017367003485560417,19527424.0
1.82,0.26794999837875366,-0.0020896997302770615,19513384.0
1.83,0.26794999837875366,-0.007243403233587742,19532842.0
1.84,0.26794999837875366,0.004803517833352089,19537996.0
1.85,0.26794999837875366,0.0029811523854732513,19525948.0
1.86,0.26794999837875366,-0.0005713813006877899,19527770.0
1.87,0.26794999837875366,-0.00017607398331165314,19531324.0
1.8800000000000001,0.26794999837875366,0.0018555629067122936,19530928.0
1.8900000000000001,0.26794999837875366,0.004661453887820244,19528896.0
1.9000000000000001,0.26794999837875366,-0.003553654532879591,19526090.0
1.9100000000000001,0.26794999837875366,-0.0022622242104262114,19534306.0
1.92,0.26794999837875366,0.0003093881532549858,19533014.0
1.93,0.26794999837875366,-0.0024072807282209396,19530442.0
1.94,0.26794999837875366,-0.00041105784475803375,19533160.0
1.95,0.26794999837875366,0.010966267436742783,19531164.0
1.96,0.26794999837875366,-0.009915702044963837,19519786.0
1.97,0.26794999837875366,-0.007681811228394508,19540668.0
1.98,0.26794999837875366,0.0036555463448166847,19538434.0
1.99,0.26794999837875366,-0.0024583078920841217,19527096.0
2.0,0.26794999837875366,0.003823484294116497,19533210.0
2.0100000000000002,0.26794999837875366,0.009382435120642185,19526928.0
2.02,0.26794999837875366,0.011384696699678898,19521370.0
2.0300000000000002,0.26794999837875366,0.005263682454824448,19519368.0
2.04,0.26794999837875366,0.00045581161975860596,19525488.0
2.05,0.26794999837875366,-0.0038206877652555704,19530296.0
2.06,0.26794999837875366,0.005766450427472591,19534572.0
2.07,0.26794999837875366,0.0018820669502019882,19524986.0
2.08,0.26794999837875366,0.016339043155312538,19528870.0
2.09,0.26794999837875366,0.019676590338349342,19514412.0
2.1,0.26794999837875366,0.0029618479311466217,19511076.0
2.11,0.26794999837875366,-0.05610740929841995,19527790.0
2.12,0.26794999837875366,-0.002174967899918556,19586860.0
2.13,0.26794999837875366,0.0009311200119554996,19532926.0
2.14,0.26794999837875366,-0.00020678513101302087,19529820.0
2.15,0.26794999837875366,-0.002551581710577011,19530958.0
2.16,0.26794999837875366,0.033369433134794235,19533304.0
2.17,0.26794999837875366,0.019494641572237015,19497382.0
2.18,0.26794999837875366,-0.010474235750734806,19511258.0
2.19,0.26794999837875366,-0.003353853477165103,19541226.0
2.2,0.26794999837875366,-0.000845226226374507,19534106.0
2.21,0.26794999837875366,0.02064841240644455,19531598.0
2.22,0.26794999837875366,-0.0003961343318223953,19510104.0
2.23,0.26794999837875366,0.019744107499718666,19531148.0
2.24,0.26794999837875366,0.028479404747486115,19511008.0
2.25,0.26794999837875366,-0.00815701112151146,19502272.0
2.2600000000000002,0.26794999837875366,-0.007078752387315035,19538910.0
2.27,0.26794999837875366,-0.004760139621794224,19537830.0
2.2800000000000002,0.26794999837875366,-0.013945203274488449,19535512.0
2.29,0.26794999837875366,-0.005637018010020256,19544698.0
2.3000000000000003,0.26794999837875366,0.010582861490547657,19536390.0
2.31,0.26794999837875366,0.021281281486153603,19520170.0
2.32,0.26794999837875366,0.010576852597296238,19509470.0
2.33,0.26794999837875366,-0.011625188402831554,19520176.0
2.34,0.26794999837875366,0.01081800740212202,19542378.0
2.35,0.26794999837875366,-0.01990608125925064,19519934.0
2.36,0.26794999837875366,-0.010117954574525356,19550658.0
2.37,0.26794999837875366,-0.01015571691095829,19540870.0
2.38,0.26794999837875366,-0.018718291074037552,19540908.0
2.39,0.26794999837875366,-0.03427107632160187,19549470.0
2.4,0.26794999837875366,-0.010100833140313625,19565024.0
2.41,0.26794999837875366,-0.013611596077680588,19540852.0
2.42,0.26794999837875366,-0.0160217322409153,19544364.0
2.43,0.26794999837875366,-0.016907857730984688,19546774.0
2.44,0.26794999837875366,-0.008312665857374668,19547660.0
2.45,0.26794999837875366,0.011607315391302109,19539064.0
2.46,0.26794999837875366,-0.004043979570269585,19519144.0
2.47,0.26794999837875366,-0.005804635584354401,19534796.0
2.48,0.26794999837875366,0.012448623776435852,19536556.0
2.49,0.26794999837875366,-0.019659843295812607,19518304.0
2.5,0.26794999837875366,0.001115407794713974,19550412.0
2.5100000000000002,0.26794999837875366,-0.00030172616243362427,19529636.0
2.52,0.26794999837875366,0.024022934958338737,19531054.0
2.5300000000000002,0.26794999837875366,-0.027908703312277794,19506730.0
2.54,0.26794999837875366,-0.0012031025253236294,19558660.0
2.5500000000000003,0.26794999837875366,0.019985251128673553,19531956.0
2.56,0.26794999837875366,0.007502028718590736,19510766.0
2.57,0.26794999837875366,-0.006942791864275932,19523250.0
2.58,0.26794999837875366,-0.018127547577023506,19537694.0
2.59,0.26794999837875366,-0.02276848815381527,19548880.0
2.6,0.26794999837875366,-0.021626757457852364,19553520.0
2.61,0.26794999837875366,0.002062094397842884,19552378.0
2.62,0.26794999837875366,-0.0030430741608142853,19528690.0
2.63,0.26794999837875366,0.0025338507257401943,19533796.0
2.64,0.26794999837875366,-0.0012727463617920876,19528218.0
2.65,0.26794999837875366,-0.007567070424556732,19532024.0
2.66,0.26794999837875366,-0.009698620066046715,19538320.0
2.67,0.26794999837875366,0.002310312818735838,19540450.0
2.68,0.26794999837875366,0.02018328569829464,19528442.0
2.69,0.26794999837875366,-0.013997026719152927,19510568.0
2.7,0.26794999837875366,-0.011149626225233078,19544750.0
2.71,0.26794999837875366,-0.029458846896886826,19541902.0
2.72,0.26794999837875366,-0.011465009301900864,19560210.0
2.73,0.26794999837875366,-0.01848488859832287,19542218.0
2.74,0.26794999837875366,-0.010113648138940334,19549236.0
2.75,0.26794999837875366,-0.02121487259864807,19540866.0
2.7600000000000002,0.26794999837875366,-0.009909258224070072,19551966.0
2.77,0.26794999837875366,-0.0033802371472120285,19540662.0
2.7800000000000002,0.26794999837875366,-0.005345652811229229,19534132.0
2.79,0.26794999837875366,0.0029031820595264435,19536098.0
2.8000000000000003,0.26794999837875366,-0.0044637322425842285,19527848.0
2.81,0.26794999837875366,-0.006223936099559069,19535216.0
2.82,0.26794999837875366,-0.011613057926297188,19536976.0
2.83,0.26794999837875366,0.0228892732411623,19542366.0
2.84,0.26794999837875366,0.008529436774551868,19507862.0
2.85,0.26794999837875366,-0.008724638260900974,19522222.0
2.86,0.26794999837875366,-0.010600417852401733,19539476.0
2.87,0.26794999837875366,0.023007430136203766,19541352.0
2.88,0.26794999837875366,0.019727205857634544,19507744.0
2.89,0.26794999837875366,-0.03098662942647934,19511024.0
2.9,0.26794999837875366,0.005653430242091417,19561738.0
2.91,0.26794999837875366,0.04042765125632286,19525098.0
2.92,0.26794999837875366,0.018587352707982063,19490324.0
2.93,0.26794999837875366,-0.00031127315014600754,19512164.0
2.94,0.26794999837875366,0.016132991760969162,19531064.0
2.95,0.26794999837875366,0.008391411043703556,19514620.0
2.96,0.26794999837875366,0.013316454365849495,19522360.0
2.97,0.26794999837875366,-0.008585069328546524,19517436.0
2.98,0.26794999837875366,-0.0022891561966389418,19539338.0
2.99,0.26794999837875366,-0.016267400234937668,19533042.0
3.0,0.26794999837875366,0.03616938367486,19547020.0
3.0100000000000002,0.26794999837875366,0.025307735428214073,19494582.0
3.02,0.26794999837875366,0.01630387455224991,19505444.0
3.0300000000000002,0.26794999837875366,-0.004048970062285662,19514448.0
3.04,0.26794999837875366,0.012697732076048851,19534800.0
3.0500000000000003,0.26794999837875366,-0.0014122314751148224,19518054.0
3.06,0.26794999837875366,0.0031866077333688736,19532164.0
3.0700000000000003,0.26794999837875366,0.004065065644681454,19527566.0
3.08,0.26794999837875366,-0.003154521808028221,19526686.0
3.09,0.26794999837875366,0.0007900437340140343,19533906.0
3.1,0.26794999837875366,0.003932800143957138,19529962.0
3.11,0.26794999837875366,-0.0023642554879188538,19526820.0
3.12,0.26794999837875366,0.02266320399940014,19533116.0
3.13,0.26794999837875366,-0.006308624520897865,19508088.0
3.14,0.26794999837875366,-0.002714584581553936,19537060.0
3.15,0.26794999837875366,0.009707953780889511,19533466.0
3.16,0.26794999837875366,-0.01121814176440239,19521044.0
3.17,0.26794999837875366,-0.04713599383831024,19541970.0
3.18,0.26794999837875366,-0.00870709028095007,19577888.0
3.19,0.26794999837875366,0.019413622096180916,19539460.0
3.2,0.26794999837875366,-0.016656838357448578,19511338.0
3.21,0.26794999837875366,-0.011516368947923183,19547408.0
3.22,0.26794999837875366,0.00636105053126812,19542268.0
3.23,0.26794999837875366,0.017289044335484505,19524390.0
3.24,0.26794999837875366,-0.00319745484739542,19513462.0
3.25,0.26794999837875366,-0.03651417791843414,19533950.0
3.2600000000000002,0.26794999837875366,-0.0076553248800337315,19567266.0
3.27,0.26794999837875366,-0.0026068619918078184,19538408.0
3.2800000000000002,0.26794999837875366,-0.007476687431335449,19533358.0
3.29,0.26794999837875366,0.003156698774546385,19538228.0
3.3000000000000003,0.26794999837875366,-0.007182303816080093,19527596.0
3.31,0.26794999837875366,0.023926373571157455,19537934.0
3.3200000000000003,0.26794999837875366,-0.0030950158834457397,19506826.0
3.33,0.26794999837875366,0.013269545510411263,19533848.0
3.34,0.26794999837875366,-0.009271545335650444,19517482.0
3.35,0.26794999837875366,0.018772296607494354,19540024.0
3.36,0.26794999837875366,0.00027824193239212036,19511980.0
3.37,0.26794999837875366,-0.018412891775369644,19530474.0
3.38,0.26794999837875366,-0.0147642707452178,19549164.0
3.39,0.26794999837875366,-0.003794511780142784,19545516.0
3.4,0.26794999837875366,-0.011197224259376526,19534546.0
3.41,0.26794999837875366,-0.016309687867760658,19541950.0
3.42,0.26794999837875366,-0.010751700960099697,19547062.0
3.43,0.26794999837875366,0.018186300992965698,19541504.0
3.44,0.26794999837875366,0.018322879448533058,19512566.0
3.45,0.26794999837875366,0.005404673516750336,19512430.0
3.46,0.26794999837875366,-0.01599743962287903,19525348.0
3.47,0.26794999837875366,-0.017111429944634438,19546750.0
3.48,0.26794999837875366,-0.0451243594288826,19547864.0
3.49,0.26794999837875366,-0.012211296707391739,19575876.0
3.5,0.26794999837875366,0.03150077909231186,19542964.0
3.5100000000000002,0.26794999837875366,0.00636688806116581,19499252.0
3.52,0.26794999837875366,0.00046690739691257477,19524386.0
3.5300000000000002,0.26794999837875366,0.022242767736315727,19530286.0
3.54,0.26794999837875366,0.02869296818971634,19508510.0
3.5500000000000003,0.26794999837875366,-0.0014962013810873032,19502060.0
3.56,0.26794999837875366,-0.008019499480724335,19532248.0
3.5700000000000003,0.26794999837875366,-2.1230429410934448e-05,19538772.0
3.58,0.26794999837875366,-0.007572798058390617,19530774.0
3.59,0.26794999837875366,-0.005225552245974541,19538324.0
3.6,0.26794999837875366,-0.008556142449378967,19535978.0
3.61,0.26794999837875366,-0.003374398685991764,19539308.0
3.62,0.26794999837875366,0.0026484979316592216,19534126.0
3.63,0.26794999837875366,0.018178045749664307,19528104.0
3.64,0.26794999837875366,0.03101435862481594,19512574.0
3.65,0.26794999837875366,0.030174728482961655,19499738.0
3.66,0.26794999837875366,0.0014211749657988548,19500578.0
3.67,0.26794999837875366,0.0014166822656989098,19529330.0
3.68,0.26794999837875366,0.005989221855998039,19529336.0
3.69,0.26794999837875366,0.04318694397807121,19524762.0
3.7,0.26794999837875366,0.02022624760866165,19487566.0
3.71,0.26794999837875366,0.010266881436109543,19510526.0
3.72,0.26794999837875366,0.032724346965551376,19520486.0
3.73,0.26794999837875366,0.005595490336418152,19498028.0
3.74,0.26794999837875366,0.030839411541819572,19525156.0
3.75,0.26794999837875366,0.021970385685563087,19499912.0
3.7600000000000002,0.26794999837875366,-0.021880950778722763,19508782.0
3.77,0.26794999837875366,0.02404705248773098,19552632.0
3.7800000000000002,0.26794999837875366,0.016697322949767113,19506704.0
3.79,0.26794999837875366,-0.005145602859556675,19514054.0
3.8000000000000003,0.26794999837875366,0.01627517119050026,19535898.0
3.81,0.26794999837875366,0.012569321319460869,19514476.0
3.8200000000000003,0.26794999837875366,0.020202480256557465,19518182.0
3.83,0.26794999837875366,-0.027636490762233734,19510550.0
3.84,0.26794999837875366,-0.003342512995004654,19558388.0
3.85,0.26794999837875366,-0.02121330052614212,19534094.0
3.86,0.26794999837875366,-0.007970276288688183,19551966.0
3.87,0.26794999837875366,-0.022970544174313545,19538722.0
3.88,0.26794999837875366,-0.018604714423418045,19553722.0
3.89,0.26794999837875366,-0.0018867328763008118,19549356.0
3.9,0.26794999837875366,-2.3222528398036957e-05,19532638.0
3.91,0.26794999837875366,0.008894948288798332,19530776.0
3.92,0.26794999837875366,0.021692607551813126,19521858.0
3.93,0.26794999837875366,-0.0015548784285783768,19509060.0
3.94,0.26794999837875366,-0.029193049296736717,19532306.0
3.95,0.26794999837875366,-0.0015123086050152779,19559946.0
3.96,0.26794999837875366,-0.0027942899614572525,19532264.0
3.97,0.26794999837875366,-0.023380964994430542,19533546.0
3.98,0.26794999837875366,0.021312061697244644,19554132.0
3.99,0.26794999837875366,0.004398314282298088,19509440.0
4.0,0.26794999837875366,-0.001326361671090126,19526354.0
4.01,0.26794999837875366,-0.015189268626272678,19532078.0
4.0200000000000005,0.26794999837875366,-0.021188704296946526,19545942.0
4.03,0.26794999837875366,0.00851297378540039,19551940.0
4.04,0.26794999837875366,-0.016614660620689392,19522240.0
4.05,0.26794999837875366,-0.017291750758886337,19547366.0
4.0600000000000005,0.26794999837875366,-0.002990822307765484,19548044.0
4.07,0.26794999837875366,-0.0037605836987495422,19533742.0
4.08,0.26794999837875366,0.009513855911791325,19534512.0
4.09,0.26794999837875366,-0.012608385644853115,19521238.0
4.1,0.26794999837875366,-0.00704813189804554,19543360.0
4.11,0.26794999837875366,0.03017175942659378,19537800.0
4.12,0.26794999837875366,-0.00334166269749403,19500580.0
4.13,0.26794999837875366,-0.007967369630932808,19534094.0
4.14,0.26794999837875366,0.001145262154750526,19538720.0
4.15,0.26794999837875366,-0.0015274195466190577,19529606.0
4.16,0.26794999837875366,0.012204067781567574,19532280.0
4.17,0.26794999837875366,-0.016006574034690857,19518548.0
4.18,0.26794999837875366,-0.0003632213920354843,19546758.0
4.19,0.26794999837875366,0.0010834187269210815,19531116.0
4.2,0.26794999837875366,-0.015900075435638428,19529668.0
4.21,0.26794999837875366,0.01825014129281044,19546652.0
4.22,0.26794999837875366,-0.002628176473081112,19512502.0
4.23,0.26794999837875366,-0.009430758655071259,19533380.0
4.24,0.26794999837875366,-0.013756399042904377,19540182.0
4.25,0.26794999837875366,-0.00743523333221674,19544508.0
4.26,0.26794999837875366,-0.009717744775116444,19538188.0
4.2700000000000005,0.26794999837875366,0.00024221092462539673,19540470.0
4.28,0.26794999837875366,-0.026742421090602875,19530510.0
4.29,0.26794999837875366,-0.02718762680888176,19557494.0
4.3,0.26794999837875366,0.0019252272322773933,19557940.0
4.3100000000000005,0.26794999837875366,-0.012937535531818867,19528826.0
4.32,0.26794999837875366,-0.00806531123816967,19543690.0
4.33,0.26794999837875366,-0.01228218525648117,19538818.0
4.34,0.26794999837875366,-0.025024937465786934,19543034.0
4.3500000000000005,0.26794999837875366,0.006149212829768658,19555776.0
4.36,0.26794999837875366,-0.007624836638569832,19524602.0
4.37,0.26794999837875366,-0.005062500946223736,19538376.0
4.38,0.26794999837875366,-0.00298454612493515,19535814.0
4.39,0.26794999837875366,-0.0035713352262973785,19533736.0
4.4,0.26794999837875366,-0.005154146812856197,19534324.0
4.41,0.26794999837875366,-0.015357018448412418,19535906.0
4.42,0.26794999837875366,-0.003472735174000263,19546110.0
4.43,0.26794999837875366,-0.002431059256196022,19534224.0
4.44,0.26794999837875366,0.004691476933658123,19533184.0
4.45,0.26794999837875366,-0.0036304080858826637,19526060.0
4.46,0.26794999837875366,-0.013322983868420124,19534382.0
4.47,0.26794999837875366,0.03762972354888916,19544074.0
4.48,0.26794999837875366,0.028653418645262718,19493122.0
4.49,0.26794999837875366,0.00032260455191135406,19502098.0
4.5,0.26794999837875366,-0.009884381666779518,19530430.0
4.51,0.26794999837875366,0.0007329175132326782,19540636.0
4.5200000000000005,0.26794999837875366,0.023103749379515648,19530020.0
4.53,0.26794999837875366,0.041556671261787415,19507648.0
4.54,0.26794999837875366,-0.005380661692470312,19489196.0
4.55,0.26794999837875366,0.0002259999018860981,19536132.0
4.5600000000000005,0.26794999837875366,0.01878698542714119,19530526.0
4.57,0.26794999837875366,0.010278774425387383,19511966.0
4.58,0.26794999837875366,0.030280133709311485,19520474.0
4.59,0.26794999837875366,0.016992492601275444,19500472.0
4.6000000000000005,0.26794999837875366,-0.0049375370144844055,19513760.0
4.61,0.26794999837875366,-0.01129927672445774,19535690.0
4.62,0.26794999837875366,-0.019189151003956795,19542052.0
4.63,0.26794999837875366,-0.016216378659009933,19549942.0
4.64,0.26794999837875366,0.0019457917660474777,19546968.0
4.65,0.26794999837875366,-0.0041814930737018585,19528806.0
4.66,0.26794999837875366,0.0021737096831202507,19534934.0
4.67,0.26794999837875366,0.000714542344212532,19528578.0
4.68,0.26794999837875366,-0.005822418257594109,19530038.0
4.69,0.26794999837875366,0.006342392414808273,19536574.0
4.7,0.26794999837875366,0.018356556072831154,19524410.0
4.71,0.26794999837875366,0.01565166749060154,19512396.0
4.72,0.26794999837875366,-0.012690971605479717,19515100.0
4.73,0.26794999837875366,-0.033137865364551544,19543442.0
4.74,0.26794999837875366,-0.0008033309131860733,19563890.0
4.75,0.26794999837875366,-0.0004839664325118065,19531556.0
4.76,0.26794999837875366,-0.005043476819992065,19531236.0
4.7700000000000005,0.26794999837875366,-0.001477816142141819,19535796.0
4.78,0.26794999837875366,0.002511194907128811,19532230.0
4.79,0.26794999837875366,0.015042131766676903,19528240.0
4.8,0.26794999837875366,-0.03503306582570076,19515710.0
4.8100000000000005,0.26794999837875366,-0.02301287278532982,19565786.0
4.82,0.26794999837875366,0.018406644463539124,19553764.0
4.83,0.26794999837875366,-0.017386186867952347,19512346.0
4.84,0.26794999837875366,0.0048708077520132065,19548138.0
4.8500000000000005,0.26794999837875366,-0.022991733625531197,19525882.0
4.86,0.26794999837875366,-0.0133059686049819,19553744.0
4.87,0.26794999837875366,-0.02018691413104534,19544058.0
4.88,0.26794999837875366,-0.02438989467918873,19550938.0
4.89,0.26794999837875366,-0.01866067573428154,19555142.0
4.9,0.26794999837875366,-0.038282204419374466,19549412.0
4.91,0.26794999837875366,-0.04217928647994995,19569034.0
4.92,0.26794999837875366,0.001821800833567977,19572932.0
4.93,0.26794999837875366,0.019028250128030777,19528930.0
4.94,0.26794999837875366,0.01789945177733898,19511724.0
4.95,0.26794999837875366,0.008905662223696709,19512852.0
4.96,0.26794999837875366,0.006475858390331268,19521846.0
4.97,0.26794999837875366,0.002994932234287262,19524276.0
4.98,0.26794999837875366,0.015383746474981308,19527758.0
4.99,0.26794999837875366,0.01890340819954872,19515368.0
